year,sex,name,n,prop
1880,F,Mary,7065,.07238359
1880,F,Emma,2003,.02052149
1880,F,Ida,1472,.01508119
1880,F,Helen,636,.0065160599
1880,F,Amanda,241,.0024691401
1880,F,Betty,117,.0011987099
1880,F,Dorothy,112,.00114748
1880,F,Linda,27,.00027662999
1880,F,Deborah,12,.00012293999
1880,F,Jessica,7,.000071720002
1881,F,Mary,6919,.069991402
1881,F,Emma,2034,.02057559
1881,F,Ida,1439,.01455667
1881,F,Helen,612,.00619089
1881,F,Amanda,263,.0026604601
1881,F,Betty,112,.00113297
1881,F,Dorothy,109,.00110263
1881,F,Linda,38,.00038439999
1881,F,Deborah,14,.00014162
1881,F,Jessica,7,.000070809998
1882,F,Mary,8148,.070426553
1882,F,Emma,2303,.019905791
1882,F,Ida,1673,.01446043
1882,F,Helen,838,.0072431802
1882,F,Amanda,288,.0024893
1882,F,Betty,123,.00106314
1882,F,Dorothy,115,.00099398999
1882,F,Linda,36,.00031115999
1882,F,Deborah,15,.00012965
1882,F,Jessica,8,.000069150003
1883,F,Mary,8012,.066733859
1883,F,Emma,2367,.019715309
1883,F,Ida,1634,.01360998
1883,F,Helen,862,.0071798
1883,F,Amanda,287,.0023904899
1883,F,Dorothy,141,.00117442
1883,F,Betty,120,.00099951006
1883,F,Linda,49,.00040813
1883,F,Deborah,16,.00013327
1883,F,Jessica,6,.000049980001
1884,F,Mary,9217,.06699083
1884,F,Emma,2587,.01880279
1884,F,Ida,1882,.01367872
1884,F,Helen,986,.0071664299
1884,F,Amanda,337,.00244938
1884,F,Dorothy,163,.00118471
1884,F,Betty,144,.00104662
1884,F,Linda,33,.00023984999
1884,F,Jessica,14,.00010175
1884,F,Deborah,13,.000094490002
1884,F,Patricia,6,.000043610002
1885,F,Mary,9128,.064305238
1885,F,Emma,2728,.019218311
1885,F,Ida,1854,.01306112
1885,F,Helen,1134,.0079888403
1885,F,Amanda,339,.0023882
1885,F,Dorothy,196,.00138079
1885,F,Betty,155,.00109195
1885,F,Linda,60,.00042269001
1885,F,Deborah,10,.000070449998
1885,F,Jessica,6,.00004227
1885,F,Patricia,5,.00003522
1886,F,Mary,9889,.064324968
1886,F,Emma,2764,.01797899
1886,F,Ida,2049,.01332813
1886,F,Helen,1267,.0082414504
1886,F,Amanda,370,.0024067401
1886,F,Dorothy,230,.00149608
1886,F,Betty,167,.00108628
1886,F,Linda,49,.00031872999
1886,F,Jessica,11,.000071549999
1886,F,Deborah,10,.000065050001
1886,F,Patricia,8,.000052039999
1887,F,Mary,9888,.063620336
1887,F,Emma,2647,.017031049
1887,F,Ida,1929,.01241137
1887,F,Helen,1405,.0090399003
1887,F,Amanda,338,.0021747199
1887,F,Dorothy,272,.00175007
1887,F,Betty,178,.00114527
1887,F,Linda,50,.0003217
1887,F,Deborah,15,.000096509997
1887,F,Patricia,10,.000064339998
1887,F,Jessica,8,.00005147
1888,F,Mary,11754,.06204439
1888,F,Emma,3087,.016294969
1888,F,Ida,2229,.01176595
1888,F,Helen,1847,.0097495299
1888,F,Amanda,404,.0021325501
1888,F,Dorothy,373,.00196891
1888,F,Betty,214,.00112962
1888,F,Linda,77,.00040645001
1888,F,Deborah,26,.00013724
1888,F,Jessica,18,.00009501
1888,F,Patricia,12,.000063339998
1889,F,Mary,11648,.061558299
1889,F,Emma,2884,.0152416
1889,F,Ida,2122,.01121452
1889,F,Helen,1909,.01008884
1889,F,Amanda,413,.0021826599
1889,F,Dorothy,377,.0019924
1889,F,Betty,189,.00099883997
1889,F,Linda,74,.00039107999
1889,F,Patricia,17,.000089840003
1889,F,Deborah,12,.000063419997
1889,F,Jessica,9,.000047559999
1890,F,Mary,12078,.059892591
1890,F,Emma,2980,.01477727
1890,F,Helen,2312,.01146478
1890,F,Ida,2178,.0108003
1890,F,Dorothy,458,.00227114
1890,F,Amanda,392,.00194386
1890,F,Betty,216,.0010711
1890,F,Linda,54,.00026778001
1890,F,Deborah,24,.00011901
1890,F,Jessica,18,.00008926
1890,F,Patricia,11,.000054550001
1891,F,Mary,11703,.059537251
1891,F,Emma,2884,.01467192
1891,F,Helen,2417,.01229612
1891,F,Ida,2002,.01018487
1891,F,Dorothy,566,.0028794401
1891,F,Amanda,371,.0018874099
1891,F,Betty,239,.00121588
1891,F,Linda,78,.00039681001
1891,F,Deborah,15,.000076310003
1891,F,Jessica,14,.000071219998
1891,F,Patricia,12,.000061049999
1892,F,Mary,13172,.058564872
1892,F,Emma,3128,.0139076
1892,F,Helen,2936,.01305394
1892,F,Ida,2259,.01004388
1892,F,Dorothy,626,.0027832999
1892,F,Amanda,455,.002023
1892,F,Betty,255,.00113377
1892,F,Linda,83,.00036902999
1892,F,Patricia,21,.000093369999
1892,F,Deborah,16,.000071139999
1892,F,Jessica,14,.000062250001
1893,F,Mary,12784,.056759249
1893,F,Helen,3249,.01442513
1893,F,Emma,2968,.01317752
1893,F,Ida,2247,.0099763796
1893,F,Dorothy,821,.00364513
1893,F,Amanda,387,.00171823
1893,F,Betty,298,.00132308
1893,F,Linda,82,.00036407
1893,F,Patricia,28,.00012431999
1893,F,Deborah,24,.00010656
1893,F,Jessica,15,.000066599998
1894,F,Mary,13151,.055731419
1894,F,Helen,3676,.01557819
1894,F,Emma,2937,.01244644
1894,F,Ida,2195,.0093019903
1894,F,Dorothy,1052,.0044581699
1894,F,Amanda,418,.0017714
1894,F,Betty,298,.00126287
1894,F,Linda,94,.00039835001
1894,F,Patricia,36,.00015255999
1894,F,Deborah,18,.000076279997
1894,F,Jessica,10,.000042380001
1895,F,Mary,13446,.0544139
1895,F,Helen,4023,.016280459
1895,F,Emma,2952,.01194629
1895,F,Ida,2170,.0087816603
1895,F,Dorothy,1127,.0045607998
1895,F,Amanda,431,.00174419
1895,F,Betty,350,.0014164
1895,F,Linda,96,.00038849999
1895,F,Patricia,35,.00014164
1895,F,Jessica,19,.000076889999
1895,F,Deborah,13,.000052610001
1896,F,Mary,13811,.054807082
1896,F,Helen,4392,.017429059
1896,F,Emma,2872,.01139714
1896,F,Ida,2159,.0085677002
1896,F,Dorothy,1366,.0054207901
1896,F,Amanda,367,.00145639
1896,F,Betty,342,.0013571799
1896,F,Linda,104,.00041271001
1896,F,Patricia,37,.00014683
1896,F,Deborah,18,.000071429997
1896,F,Jessica,9,.000035720001
1897,F,Mary,13413,.054024771
1897,F,Helen,4519,.01820159
1897,F,Emma,2698,.01086698
1897,F,Ida,2108,.0084905904
1897,F,Dorothy,1472,.0059289099
1897,F,Betty,367,.0014782
1897,F,Amanda,354,.00142584
1897,F,Linda,81,.00032625001
1897,F,Patricia,49,.00019736
1897,F,Deborah,23,.000092640003
1897,F,Jessica,9,.00003625
1898,F,Mary,14406,.052549031
1898,F,Helen,5230,.019077569
1898,F,Emma,2788,.01016984
1898,F,Ida,2090,.0076237302
1898,F,Dorothy,1671,.00609534
1898,F,Betty,421,.00153569
1898,F,Amanda,371,.0013532999
1898,F,Linda,102,.00037207
1898,F,Patricia,47,.00017144
1898,F,Deborah,21,.000076600001
1898,F,Jessica,13,.000047419999
1899,F,Mary,13172,.053222351
1899,F,Helen,5048,.02039678
1899,F,Emma,2445,.0098791895
1899,F,Ida,1804,.0072891801
1899,F,Dorothy,1687,.0068164398
1899,F,Betty,410,.00165663
1899,F,Amanda,326,.00131722
1899,F,Linda,98,.00039597999
1899,F,Patricia,56,.00022627
1899,F,Jessica,14,.000056569999
1899,F,Deborah,11,.00004445
1900,F,Mary,16706,.052575588
1900,F,Helen,6343,.01996211
1900,F,Emma,3095,.0097402995
1900,F,Dorothy,2491,.0078394497
1900,F,Ida,2285,.0071911402
1900,F,Betty,664,.0020896799
1900,F,Amanda,377,.00118646
1900,F,Linda,125,.00039338999
1900,F,Patricia,87,.00027379999
1900,F,Deborah,26,.000081819999
1900,F,Jessica,23,.000072379997
1901,F,Mary,13136,.051669952
1901,F,Helen,5247,.02063887
1901,F,Emma,2374,.0093380399
1901,F,Dorothy,2173,.0085474104
1901,F,Ida,1835,.0072178999
1901,F,Betty,473,.00186053
1901,F,Amanda,317,.00124691
1901,F,Linda,86,.00033827999
1901,F,Patricia,68,.00026748001
1901,F,Deborah,21,.000082600003
1901,F,Jessica,8,.000031470001
1902,F,Mary,14486,.051674072
1902,F,Helen,5967,.02128532
1902,F,Dorothy,2707,.0096563399
1902,F,Emma,2514,.0089678699
1902,F,Ida,1836,.00654933
1902,F,Betty,580,.0020689601
1902,F,Amanda,301,.0010737201
1902,F,Linda,91,.00032461001
1902,F,Patricia,85,.00030320999
1902,F,Deborah,21,.00007491
1902,F,Jessica,9,.000032100001
1903,F,Mary,14275,.051312741
1903,F,Helen,6129,.022031231
1903,F,Dorothy,3078,.01106414
1903,F,Emma,2308,.00829631
1903,F,Ida,1774,.0063768001
1903,F,Betty,596,.00214237
1903,F,Amanda,247,.00088786002
1903,F,Linda,90,.00032351
1903,F,Patricia,79,.00028397
1903,F,Deborah,21,.000075490003
1903,F,Jessica,16,.000057509998
1904,F,Mary,14961,.051159911
1904,F,Helen,6488,.02218605
1904,F,Dorothy,3477,.01188978
1904,F,Emma,2312,.0079060001
1904,F,Ida,1751,.0059876302
1904,F,Betty,707,.00241762
1904,F,Amanda,294,.00100535
1904,F,Patricia,124,.00042401999
1904,F,Linda,101,.00034537
1904,F,Deborah,23,.000078650002
1904,F,Jessica,16,.000054709999
1905,F,Mary,16067,.051851612
1905,F,Helen,6811,.021980541
1905,F,Dorothy,3937,.01270553
1905,F,Emma,2298,.00741613
1905,F,Ida,1757,.0056702099
1905,F,Betty,807,.00260436
1905,F,Amanda,311,.00100366
1905,F,Patricia,121,.00039048999
1905,F,Linda,105,.00033886
1905,F,Deborah,18,.000058090001
1905,F,Jessica,17,.00005486
1906,F,Mary,16370,.052226901
1906,F,Helen,7176,.02289433
1906,F,Dorothy,4326,.01380168
1906,F,Emma,2224,.0070954598
1906,F,Ida,1753,.0055927802
1906,F,Betty,865,.0027596999
1906,F,Amanda,260,.00082949997
1906,F,Patricia,157,.00050089002
1906,F,Linda,98,.00031266001
1906,F,Deborah,25,.000079760001
1906,F,Jessica,18,.000057429999
1907,F,Mary,17580,.052099079
1907,F,Helen,7579,.02246069
1907,F,Dorothy,4967,.01471992
1907,F,Emma,2356,.00698211
1907,F,Ida,1980,.00586781
1907,F,Betty,1018,.00301689
1907,F,Amanda,285,.00084460998
1907,F,Patricia,177,.00052454998
1907,F,Linda,102,.00030228001
1907,F,Deborah,21,.000062229999
1907,F,Jessica,17,.00005038
1908,F,Mary,18665,.052647021
1908,F,Helen,8439,.023803281
1908,F,Dorothy,5703,.01608604
1908,F,Emma,2357,.0066482201
1908,F,Ida,1952,.0055058701
1908,F,Betty,1128,.0031816701
1908,F,Amanda,260,.00073336001
1908,F,Patricia,205,.00057823001
1908,F,Linda,93,.00026232001
1908,F,Deborah,25,.00007052
1908,F,Jessica,17,.000047950001
1909,F,Mary,19259,.052320588
1909,F,Helen,9250,.025129311
1909,F,Dorothy,6253,.016987421
1909,F,Emma,2338,.0063515999
1909,F,Ida,1943,.00527851
1909,F,Betty,1082,.0029394501
1909,F,Amanda,271,.00073621998
1909,F,Patricia,233,.00063298998
1909,F,Linda,105,.00028524999
1909,F,Deborah,26,.000070629998
1909,F,Jessica,18,.000048900001
1910,F,Mary,22848,.054461461
1910,F,Helen,10479,.024978191
1910,F,Dorothy,7318,.0174435
1910,F,Emma,2607,.00621416
1910,F,Ida,2107,.0050223302
1910,F,Betty,1389,.0033108799
1910,F,Patricia,316,.00075323001
1910,F,Amanda,278,.00066264998
1910,F,Linda,137,.00032656
1910,F,Deborah,33,.000078659999
1910,F,Jessica,28,.000066740002
1911,F,Mary,24390,.055203728
1911,F,Helen,11801,.026710089
1911,F,Dorothy,8869,.02007388
1911,F,Emma,2616,.0059209899
1911,F,Ida,2119,.0047960901
1911,F,Betty,1456,.00329547
1911,F,Patricia,325,.00073560001
1911,F,Amanda,280,.00063374999
1911,F,Linda,130,.00029423999
1911,F,Deborah,36,.000081480001
1911,F,Jessica,21,.00004753
1912,F,Mary,32304,.055059381
1912,F,Helen,16133,.02749731
1912,F,Dorothy,12645,.021552309
1912,F,Emma,3357,.0057217199
1912,F,Ida,2740,.00467009
1912,F,Betty,2011,.00342758
1912,F,Patricia,504,.00085901999
1912,F,Amanda,310,.00052836997
1912,F,Linda,189,.00032213001
1912,F,Jessica,36,.000061359999
1912,F,Deborah,32,.00005454
1913,F,Mary,36642,.05594942
1913,F,Helen,18888,.028840469
1913,F,Dorothy,14674,.02240603
1913,F,Emma,3474,.00530452
1913,F,Ida,2916,.0044525
1913,F,Betty,2240,.0034203001
1913,F,Patricia,588,.00089783
1913,F,Amanda,346,.00052831002
1913,F,Linda,238,.00036341001
1913,F,Deborah,42,.000064129999
1913,F,Jessica,25,.000038170001
1914,F,Mary,45345,.056921821
1914,F,Helen,23221,.029149439
1914,F,Dorothy,18782,.023577141
1914,F,Emma,3972,.0049860701
1914,F,Ida,3561,.0044701402
1914,F,Betty,2933,.0036818101
1914,F,Patricia,656,.00082348002
1914,F,Amanda,375,.00047073999
1914,F,Linda,219,.00027491001
1914,F,Deborah,62,.000077830002
1914,F,Jessica,42,.000052719999
1915,F,Mary,58187,.056830119
1915,F,Helen,30866,.03014623
1915,F,Dorothy,25154,.024567431
1915,F,Emma,5044,.0049263798
1915,F,Betty,4181,.0040834998
1915,F,Ida,4125,.0040288102
1915,F,Patricia,895,.00087413
1915,F,Amanda,412,.00040239
1915,F,Linda,290,.00028323999
1915,F,Deborah,106,.00010353
1915,F,Jessica,55,.000053719999
1916,F,Mary,61438,.056587279
1916,F,Helen,32662,.030083239
1916,F,Dorothy,27417,.02525234
1916,F,Emma,5217,.0048051002
1916,F,Betty,5136,.0047304998
1916,F,Ida,4364,.0040194499
1916,F,Patricia,1078,.00099288998
1916,F,Amanda,421,.00038776
1916,F,Linda,297,.00027354999
1916,F,Deborah,90,.000082890001
1916,F,Jessica,53,.000048819998
1917,F,Mary,64281,.057204869
1917,F,Helen,34251,.03048061
1917,F,Dorothy,28851,.025675051
1917,F,Betty,6639,.0059081698
1917,F,Emma,5121,.0045572701
1917,F,Ida,4247,.00377949
1917,F,Patricia,1441,.00128237
1917,F,Amanda,445,.00039601
1917,F,Linda,291,.00025896999
1917,F,Deborah,89,.000079199999
1917,F,Jessica,55,.000048950002
1917,F,Ashley,5,4.4499998e-06
1918,F,Mary,67366,.056027912
1918,F,Helen,36148,.03006408
1918,F,Dorothy,32032,.026640831
1918,F,Betty,8803,.0073214001
1918,F,Emma,5324,.0044279401
1918,F,Ida,4450,.0037010401
1918,F,Patricia,1760,.0014637799
1918,F,Amanda,397,.00033017999
1918,F,Linda,322,.00026781001
1918,F,Deborah,92,.000076520002
1918,F,Jessica,56,.00004657
1919,F,Mary,65841,.05605169
1919,F,Helen,33706,.02869455
1919,F,Dorothy,31734,.027015749
1919,F,Betty,10106,.0086034304
1919,F,Emma,5087,.0043306602
1919,F,Ida,4163,.00354404
1919,F,Patricia,2144,.00182523
1919,F,Amanda,379,.00032265001
1919,F,Linda,282,.00024007
1919,F,Deborah,70,.000059589998
1919,F,Jessica,40,.000034050001
1920,F,Mary,70980,.057056092
1920,F,Dorothy,36643,.029454861
1920,F,Helen,35097,.028212139
1920,F,Betty,14017,.01126733
1920,F,Emma,5237,.00420968
1920,F,Ida,4090,.00328768
1920,F,Patricia,2502,.0020111899
1920,F,Amanda,379,.00030464999
1920,F,Linda,349,.00028054
1920,F,Deborah,82,.000065909997
1920,F,Jessica,43,.000034559998
1921,F,Mary,73982,.057811491
1921,F,Dorothy,39086,.03054283
1921,F,Helen,34821,.027210049
1921,F,Betty,17637,.01378202
1921,F,Emma,5073,.0039641801
1921,F,Ida,4146,.00323979
1921,F,Patricia,3381,.0026420001
1921,F,Amanda,392,.00030632
1921,F,Linda,367,.00028678001
1921,F,Deborah,94,.000073449999
1921,F,Jessica,48,.000037509999
1922,F,Mary,72175,.05785311
1922,F,Dorothy,37716,.03023191
1922,F,Helen,32507,.02605655
1922,F,Betty,20894,.01674795
1922,F,Emma,5013,.0040182602
1922,F,Ida,3986,.0031950499
1922,F,Patricia,3902,.00312772
1922,F,Linda,365,.00029257001
1922,F,Amanda,341,.00027332999
1922,F,Deborah,71,.000056910001
1922,F,Jessica,40,.000032060001
1923,F,Mary,71635,.05719544
1923,F,Dorothy,39044,.031173849
1923,F,Helen,31490,.025142521
1923,F,Betty,25991,.020751961
1923,F,Emma,4976,.0039729802
1923,F,Patricia,4799,.0038316599
1923,F,Ida,3889,.00310509
1923,F,Linda,423,.00033774
1923,F,Amanda,362,.00028902999
1923,F,Deborah,118,.000094210001
1923,F,Jessica,52,.000041520001
1924,F,Mary,73532,.056750529
1924,F,Dorothy,39997,.03086889
1924,F,Helen,31191,.024072589
1924,F,Betty,30602,.023618011
1924,F,Patricia,6958,.0053700502
1924,F,Emma,4899,.0037809501
1924,F,Ida,3861,.0029798399
1924,F,Linda,454,.00035039001
1924,F,Amanda,341,.00026318
1924,F,Deborah,125,.000096470001
1924,F,Jessica,41,.00003164
1925,F,Mary,70597,.055892959
1925,F,Dorothy,38570,.03053659
1925,F,Betty,32813,.02597866
1925,F,Helen,29170,.023094431
1925,F,Patricia,8095,.0064089601
1925,F,Emma,4713,.00373137
1925,F,Ida,3488,.00276151
1925,F,Linda,438,.00034676999
1925,F,Amanda,310,.00024543001
1925,F,Deborah,82,.000064920001
1925,F,Jessica,34,.000026920001
1926,F,Mary,67829,.055138711
1926,F,Dorothy,36615,.029764609
1926,F,Betty,32963,.026795881
1926,F,Helen,26885,.021855021
1926,F,Patricia,8590,.0069828802
1926,F,Emma,4481,.0036426401
1926,F,Ida,3285,.0026704001
1926,F,Linda,479,.00038938
1926,F,Amanda,310,.000252
1926,F,Deborah,116,.000094299998
1926,F,Jessica,35,.00002845
1927,F,Mary,70637,.057131331
1927,F,Dorothy,35991,.02910958
1927,F,Betty,35423,.02865018
1927,F,Helen,25319,.020478049
1927,F,Patricia,10553,.0085352799
1927,F,Emma,4325,.0034980699
1927,F,Ida,3205,.00259221
1927,F,Linda,516,.00041733999
1927,F,Amanda,234,.00018926
1927,F,Deborah,91,.0000736
1927,F,Jessica,39,.000031539999
1928,F,Mary,66869,.055935651
1928,F,Betty,36079,.03017994
1928,F,Dorothy,33730,.02821501
1928,F,Helen,22934,.0191842
1928,F,Patricia,12333,.0103165
1928,F,Emma,4018,.00336104
1928,F,Ida,2994,.0025044701
1928,F,Linda,554,.00046342
1928,F,Amanda,247,.00020661
1928,F,Deborah,130,.00010874
1928,F,Jessica,36,.000030110001
1929,F,Mary,63510,.05486726
1929,F,Betty,36673,.031682361
1929,F,Dorothy,31478,.027194319
1929,F,Helen,20984,.018128401
1929,F,Patricia,13624,.01176998
1929,F,Emma,3802,.0032846101
1929,F,Ida,2673,.0023092499
1929,F,Linda,509,.00043973001
1929,F,Amanda,209,.00018056
1929,F,Deborah,161,.00013909
1929,F,Jessica,42,.000036279998
1930,F,Mary,64146,.054993771
1930,F,Betty,38233,.032777991
1930,F,Dorothy,30407,.026068591
1930,F,Helen,19914,.017072709
1930,F,Patricia,15752,.01350453
1930,F,Emma,3555,.0030477799
1930,F,Ida,2644,.00226676
1930,F,Linda,492,.00042180001
1930,F,Amanda,196,.00016804
1930,F,Deborah,165,.00014146
1930,F,Jessica,38,.000032579999
1931,F,Mary,60296,.0546345
1931,F,Betty,36104,.032714009
1931,F,Dorothy,26522,.02403171
1931,F,Helen,17660,.016001809
1931,F,Patricia,16468,.01492174
1931,F,Emma,3307,.0029964901
1931,F,Ida,2417,.00219006
1931,F,Linda,534,.00048386
1931,F,Amanda,209,.00018938001
1931,F,Deborah,158,.00014316
1931,F,Jessica,39,.000035339999
1932,F,Mary,59872,.054122951
1932,F,Betty,34415,.031110389
1932,F,Dorothy,24973,.02257503
1932,F,Patricia,17990,.016262559
1932,F,Helen,16374,.01480173
1932,F,Emma,3331,.0030111501
1932,F,Ida,2316,.0020936099
1932,F,Linda,775,.00070058001
1932,F,Amanda,213,.00019255
1932,F,Deborah,207,.00018711999
1932,F,Jessica,44,.000039779999
1933,F,Mary,55507,.053069212
1933,F,Betty,31524,.03013951
1933,F,Dorothy,22047,.02107873
1933,F,Patricia,18629,.01781084
1933,F,Helen,14643,.0139999
1933,F,Emma,3151,.0030126099
1933,F,Ida,2064,.0019733501
1933,F,Linda,786,.00075147999
1933,F,Deborah,243,.00023233
1933,F,Amanda,199,.00019026001
1933,F,Jessica,43,.000041110001
1934,F,Mary,56924,.052599039
1934,F,Betty,31083,.028721379
1934,F,Dorothy,21283,.01966597
1934,F,Patricia,20845,.019261239
1934,F,Helen,14100,.01302871
1934,F,Emma,2941,.0027175499
1934,F,Ida,1972,.00182217
1934,F,Linda,1000,.00092402002
1934,F,Deborah,280,.00025873
1934,F,Amanda,189,.00017463999
1934,F,Jessica,46,.000042510001
1935,F,Mary,55065,.050671481
1935,F,Betty,28671,.0263834
1935,F,Patricia,22876,.02105077
1935,F,Dorothy,19403,.017854881
1935,F,Helen,12781,.01176123
1935,F,Emma,2802,.0025784301
1935,F,Ida,1923,.0017695701
1935,F,Linda,1196,.00110057
1935,F,Deborah,280,.00025765999
1935,F,Amanda,212,.00019508001
1935,F,Jessica,47,.000043249998
1936,F,Mary,54373,.0504626
1936,F,Betty,25865,.024004839
1936,F,Patricia,23914,.022194151
1936,F,Dorothy,17668,.01639735
1936,F,Helen,12234,.01135416
1936,F,Emma,2833,.0026292601
1936,F,Linda,2439,.00226359
1936,F,Ida,1799,.00166962
1936,F,Deborah,300,.00027841999
1936,F,Amanda,192,.00017819001
1936,F,Jessica,43,.000039909999
1937,F,Mary,55642,.05050274
1937,F,Patricia,26838,.024359159
1937,F,Betty,25331,.02299135
1937,F,Dorothy,16572,.01504136
1937,F,Helen,11454,.01039607
1937,F,Linda,4380,.0039754501
1937,F,Emma,2748,.0024941899
1937,F,Ida,1784,.00161922
1937,F,Deborah,322,.00029226
1937,F,Amanda,176,.00015974
1937,F,Jessica,72,.000065350003
1938,F,Mary,56214,.04925181
1938,F,Patricia,27555,.024142271
1938,F,Betty,25503,.02234442
1938,F,Dorothy,16347,.0143224
1938,F,Helen,10834,.0094921896
1938,F,Linda,7046,.0061733401
1938,F,Emma,2668,.0023375601
1938,F,Ida,1724,.00151048
1938,F,Deborah,410,.00035921999
1938,F,Amanda,192,.00016821999
1938,F,Jessica,50,.00004381
1938,F,Ashley,7,6.1300002e-06
1939,F,Mary,54903,.048413511
1939,F,Patricia,29706,.02619477
1939,F,Betty,23640,.020845771
1939,F,Dorothy,15171,.0133778
1939,F,Linda,10714,.00944761
1939,F,Helen,10418,.0091866003
1939,F,Emma,2685,.0023676399
1939,F,Ida,1589,.0014011801
1939,F,Deborah,443,.00039063999
1939,F,Amanda,185,.00016313
1939,F,Jessica,77,.0000679
1940,F,Mary,56201,.047577608
1940,F,Patricia,32662,.02765039
1940,F,Betty,22074,.018687
1940,F,Linda,18368,.01554964
1940,F,Dorothy,14877,.0125943
1940,F,Helen,10199,.0086340802
1940,F,Emma,2607,.00220699
1940,F,Ida,1688,.0014290001
1940,F,Deborah,470,.00039788001
1940,F,Amanda,218,.00018454999
1940,F,Jessica,61,.00005164
1941,F,Mary,58040,.046586409
1941,F,Patricia,36901,.029618969
1941,F,Linda,23720,.0190391
1941,F,Betty,20902,.01677721
1941,F,Dorothy,14563,.01168914
1941,F,Helen,9889,.0079375096
1941,F,Emma,2545,.0020427699
1941,F,Ida,1609,.00129148
1941,F,Deborah,608,.00048802001
1941,F,Amanda,223,.00017899
1941,F,Jessica,81,.000065020002
1941,F,Ashley,6,4.8200000e-06
1942,F,Mary,63249,.045489982
1942,F,Patricia,39454,.02837613
1942,F,Linda,31611,.022735281
1942,F,Betty,21654,.015574
1942,F,Dorothy,15032,.01081132
1942,F,Helen,10015,.0072029899
1942,F,Emma,2605,.00187357
1942,F,Ida,1620,.00116514
1942,F,Deborah,676,.00048618999
1942,F,Amanda,295,.00021216999
1942,F,Jessica,127,.00009134
1942,F,Ashley,8,5.7500001e-06
1943,F,Mary,66169,.046101999
1943,F,Patricia,39623,.02760658
1943,F,Linda,38438,.02678095
1943,F,Betty,21596,.0150466
1943,F,Dorothy,14789,.01030396
1943,F,Helen,9799,.0068272701
1943,F,Emma,2422,.00168748
1943,F,Ida,1477,.00102907
1943,F,Deborah,787,.00054833002
1943,F,Amanda,284,.00019787
1943,F,Jessica,121,.000084300002
1943,F,Ashley,10,6.9700000e-06
1944,F,Mary,62466,.045713909
1944,F,Linda,38411,.02810996
1944,F,Patricia,36876,.026986619
1944,F,Betty,19758,.01445931
1944,F,Dorothy,13380,.0097917598
1944,F,Helen,8694,.0063624498
1944,F,Emma,2246,.00164367
1944,F,Ida,1335,.00097697997
1944,F,Deborah,1293,.00094623998
1944,F,Amanda,238,.00017417
1944,F,Jessica,124,.00009075
1944,F,Ashley,10,7.3199999e-06
1945,F,Mary,59284,.044042479
1945,F,Linda,41461,.030801659
1945,F,Patricia,35839,.02662503
1945,F,Betty,18388,.01366057
1945,F,Dorothy,12325,.0091563296
1945,F,Helen,8301,.0061668698
1945,F,Emma,2052,.00152444
1945,F,Deborah,1463,.00108687
1945,F,Ida,1232,.00091526
1945,F,Amanda,280,.00020800999
1945,F,Jessica,132,.000098060002
1945,F,Ashley,10,7.4300001e-06
1946,F,Mary,67468,.041831668
1946,F,Linda,52711,.032682002
1946,F,Patricia,46296,.028704559
1946,F,Betty,19712,.01222188
1946,F,Dorothy,12798,.0079350499
1946,F,Helen,8851,.0054878201
1946,F,Deborah,2471,.00153208
1946,F,Emma,2071,.00128407
1946,F,Ida,1390,.00086183002
1946,F,Amanda,274,.00016989
1946,F,Jessica,240,.00014881
1946,F,Ashley,7,4.3400000e-06
1947,F,Linda,99686,.054838121
1947,F,Mary,71688,.03943618
1947,F,Patricia,51278,.02820847
1947,F,Betty,18963,.01043171
1947,F,Dorothy,12750,.0070138802
1947,F,Helen,8979,.0049394201
1947,F,Deborah,5838,.0032115299
1947,F,Emma,2142,.00117833
1947,F,Ida,1348,.00074155
1947,F,Jessica,430,.00023655
1947,F,Amanda,310,.00017052999
1947,F,Ashley,11,6.0500001e-06
1948,F,Linda,96209,.055210792
1948,F,Mary,68596,.03936471
1948,F,Patricia,46134,.026474601
1948,F,Betty,16621,.0095381802
1948,F,Dorothy,11324,.0064984299
1948,F,Deborah,11245,.0064530899
1948,F,Helen,8304,.0047653602
1948,F,Emma,2097,.00120339
1948,F,Ida,1303,.00074773998
1948,F,Jessica,482,.00027660001
1948,F,Amanda,306,.0001756
1948,F,Ashley,13,7.4599998e-06
1949,F,Linda,91016,.05184643
1949,F,Mary,66862,.038087331
1949,F,Patricia,46330,.02639146
1949,F,Deborah,19208,.01094166
1949,F,Betty,14944,.0085127102
1949,F,Dorothy,10407,.00592825
1949,F,Helen,7706,.0043896502
1949,F,Emma,2000,.00113928
1949,F,Ida,1289,.00073427003
1949,F,Jessica,406,.00023126999
1949,F,Amanda,333,.00018969001
1949,F,Ashley,11,6.2700001e-06
1950,F,Linda,80432,.045735911
1950,F,Mary,65482,.037234921
1950,F,Patricia,47945,.02726288
1950,F,Deborah,29064,.01652661
1950,F,Betty,13612,.0077401702
1950,F,Dorothy,9552,.0054315398
1950,F,Helen,7059,.00401395
1950,F,Emma,1898,.00107926
1950,F,Ida,1195,.00067951001
1950,F,Jessica,402,.00022859
1950,F,Amanda,380,.00021608001
1950,F,Ashley,15,8.5299998e-06
1951,F,Linda,73972,.040043809
1951,F,Mary,65726,.035579938
1951,F,Patricia,56441,.03055362
1951,F,Deborah,42050,.02276323
1951,F,Betty,12824,.0069421101
1951,F,Dorothy,9090,.0049207602
1951,F,Helen,6949,.0037617499
1951,F,Emma,1728,.00093543
1951,F,Ida,1076,.00058247999
1951,F,Jessica,466,.00025226001
1951,F,Amanda,408,.00022087
1951,F,Ashley,15,8.1199996e-06
1952,F,Linda,67088,.03526723
1952,F,Mary,65639,.034505509
1952,F,Patricia,53101,.027914461
1952,F,Deborah,49825,.026192309
1952,F,Betty,12133,.0063781501
1952,F,Dorothy,8614,.0045282599
1952,F,Helen,6469,.0034006599
1952,F,Emma,1711,.00089944998
1952,F,Ida,1063,.00055880001
1952,F,Jessica,452,.00023761
1952,F,Amanda,418,.00021974
1952,F,Ashley,24,.00001262
1953,F,Mary,64372,.033368949
1953,F,Linda,61275,.031763531
1953,F,Deborah,52188,.02705304
1953,F,Patricia,51013,.026443951
1953,F,Betty,11364,.00589083
1953,F,Dorothy,8154,.0042268401
1953,F,Helen,6118,.00317143
1953,F,Emma,1590,.00082422001
1953,F,Ida,1017,.00052718999
1953,F,Jessica,495,.0002566
1953,F,Amanda,428,.00022187
1953,F,Ashley,15,7.7799996e-06
1954,F,Mary,68005,.034158971
1954,F,Linda,55381,.02781792
1954,F,Deborah,54683,.02746731
1954,F,Patricia,49144,.02468507
1954,F,Betty,10614,.0053314199
1954,F,Dorothy,7794,.0039149299
1954,F,Helen,5944,.00298568
1954,F,Emma,1527,.00076700997
1954,F,Ida,1061,.00053293997
1954,F,Amanda,427,.00021447999
1954,F,Jessica,424,.00021298
1954,F,Ashley,21,.00001055
1955,F,Mary,63162,.031507049
1955,F,Deborah,52317,.026097249
1955,F,Linda,51291,.02558545
1955,F,Patricia,46221,.02305639
1955,F,Betty,9929,.0049528801
1955,F,Dorothy,7239,.00361102
1955,F,Helen,5594,.0027904499
1955,F,Emma,1461,.00072879001
1955,F,Ida,935,.00046641001
1955,F,Amanda,453,.00022597
1955,F,Jessica,386,.00019255
1955,F,Ashley,8,3.9900001e-06
1956,F,Mary,61750,.0299864
1956,F,Linda,48065,.023340831
1956,F,Deborah,47831,.0232272
1956,F,Patricia,43328,.021040499
1956,F,Betty,9214,.0044744099
1956,F,Dorothy,6857,.00332983
1956,F,Helen,5276,.00256208
1956,F,Emma,1342,.00065169
1956,F,Ida,932,.00045259
1956,F,Amanda,642,.00031176
1956,F,Jessica,406,.00019716
1956,F,Ashley,24,.00001165
1957,F,Mary,61092,.02912545
1957,F,Linda,44500,.02121526
1957,F,Deborah,40070,.01910327
1957,F,Patricia,39275,.01872425
1957,F,Betty,8477,.00404139
1957,F,Dorothy,6399,.0030507101
1957,F,Helen,5017,.0023918401
1957,F,Emma,1214,.00057877001
1957,F,Ida,870,.00041477001
1957,F,Amanda,667,.00031798999
1957,F,Jessica,476,.00022693
1957,F,Ashley,27,.00001287
1958,F,Mary,55853,.0270472
1958,F,Linda,41898,.020289389
1958,F,Patricia,37936,.01837077
1958,F,Deborah,32935,.015949
1958,F,Betty,7709,.00373314
1958,F,Dorothy,5540,.0026827799
1958,F,Helen,4764,.0023070001
1958,F,Emma,1086,.00052589999
1958,F,Amanda,795,.00038498
1958,F,Ida,792,.00038352999
1958,F,Jessica,529,.00025616999
1958,F,Ashley,38,.0000184
1959,F,Mary,54477,.02620963
1959,F,Linda,40410,.0194418
1959,F,Patricia,35219,.016944339
1959,F,Deborah,29552,.01421787
1959,F,Betty,7318,.00352079
1959,F,Dorothy,5237,.0025195901
1959,F,Helen,4376,.0021053499
1959,F,Emma,1057,.00050854002
1959,F,Amanda,858,.0004128
1959,F,Ida,820,.00039450999
1959,F,Jessica,522,.00025114001
1959,F,Ashley,37,.000017799999
1960,F,Mary,51474,.024749011
1960,F,Linda,37314,.017940789
1960,F,Patricia,32102,.01543483
1960,F,Deborah,25264,.01214708
1960,F,Betty,6502,.0031262001
1960,F,Dorothy,5076,.0024405699
1960,F,Helen,4069,.0019564
1960,F,Emma,980,.00047119
1960,F,Amanda,977,.00046975
1960,F,Ida,737,.00035434999
1960,F,Jessica,559,.00026877
1960,F,Ashley,56,.00002693
1961,F,Mary,47676,.02296089
1961,F,Linda,35577,.017133979
1961,F,Patricia,28870,.01390387
1961,F,Deborah,24092,.01160277
1961,F,Betty,5579,.00268686
1961,F,Dorothy,4728,.0022770199
1961,F,Helen,3856,.00185706
1961,F,Amanda,1057,.00050904998
1961,F,Emma,888,.00042766001
1961,F,Ida,701,.00033760001
1961,F,Jessica,668,.00032170999
1961,F,Ashley,80,.000038530001
1962,F,Mary,43488,.02145455
1962,F,Linda,31466,.01552356
1962,F,Patricia,26537,.01309187
1962,F,Deborah,22897,.0112961
1962,F,Betty,4765,.0023507799
1962,F,Dorothy,4074,.00200988
1962,F,Helen,3587,.00176963
1962,F,Amanda,948,.00046769
1962,F,Jessica,865,.00042674001
1962,F,Emma,797,.0003932
1962,F,Ida,658,.00032461999
1962,F,Ashley,95,.000046869998
1963,F,Mary,41550,.02090103
1963,F,Linda,27717,.01394257
1963,F,Patricia,25369,.01276145
1963,F,Deborah,21061,.01059438
1963,F,Betty,4153,.0020891
1963,F,Dorothy,3792,.0019075
1963,F,Helen,3340,.00168013
1963,F,Jessica,1121,.00056389999
1963,F,Amanda,1035,.00052063999
1963,F,Emma,723,.00036368999
1963,F,Ida,625,.00031440001
1963,F,Ashley,108,.000054330001
1964,F,Mary,40989,.020942161
1964,F,Patricia,26090,.01332994
1964,F,Linda,23635,.01207563
1964,F,Deborah,19306,.0098638497
1964,F,Betty,4067,.0020779199
1964,F,Dorothy,3535,.00180611
1964,F,Helen,3095,.0015813001
1964,F,Amanda,1276,.00065194
1964,F,Jessica,1171,.00059829
1964,F,Emma,770,.00039341001
1964,F,Ida,579,.00029582001
1964,F,Ashley,181,.000092479997
1965,F,Mary,34272,.01875473
1965,F,Patricia,23555,.01289005
1965,F,Linda,19335,.01058073
1965,F,Deborah,17083,.0093483599
1965,F,Betty,3565,.00195088
1965,F,Dorothy,2960,.00161981
1965,F,Helen,2804,.00153444
1965,F,Amanda,1649,.00090238999
1965,F,Jessica,1529,.00083671999
1965,F,Emma,639,.00034967999
1965,F,Ida,519,.00028400999
1965,F,Ashley,218,.0001193
1966,F,Mary,28886,.016453819
1966,F,Patricia,20112,.01145604
1966,F,Deborah,16250,.0092561999
1966,F,Linda,15561,.0088637397
1966,F,Betty,2948,.00167922
1966,F,Dorothy,2666,.00151859
1966,F,Helen,2448,.00139441
1966,F,Amanda,2328,.00132606
1966,F,Jessica,1667,.00094954
1966,F,Emma,619,.00035259
1966,F,Ida,513,.00029221
1966,F,Ashley,263,.00014981
1967,F,Mary,25318,.01474807
1967,F,Patricia,17748,.01033845
1967,F,Deborah,14006,.0081586801
1967,F,Linda,13198,.0076880101
1967,F,Amanda,2660,.00154949
1967,F,Betty,2543,.00148133
1967,F,Dorothy,2316,.0013491
1967,F,Helen,2156,.0012559
1967,F,Jessica,1761,.00102581
1967,F,Emma,564,.00032853999
1967,F,Ida,479,.00027901999
1967,F,Ashley,386,.00022484999
1968,F,Mary,21722,.01270628
1968,F,Patricia,15810,.0092480499
1968,F,Deborah,12286,.0071866899
1968,F,Linda,11368,.0066497098
1968,F,Amanda,2433,.00142318
1968,F,Betty,2134,.0012482801
1968,F,Dorothy,2084,.00121903
1968,F,Helen,1882,.00110088
1968,F,Jessica,1840,.0010763101
1968,F,Ashley,544,.00031820999
1968,F,Emma,492,.00028780001
1968,F,Ida,403,.00023573
1969,F,Mary,19851,.01126156
1969,F,Patricia,14953,.0084829004
1969,F,Deborah,11189,.0063475701
1969,F,Linda,10248,.0058137402
1969,F,Amanda,2816,.00159753
1969,F,Jessica,2492,.00141372
1969,F,Betty,2134,.0012106301
1969,F,Helen,1857,.00105348
1969,F,Dorothy,1777,.0010081
1969,F,Ashley,641,.00036363999
1969,F,Emma,516,.00029272999
1969,F,Ida,390,.00022125
1970,F,Mary,19206,.01048426
1970,F,Patricia,13406,.0073181302
1970,F,Deborah,9849,.00537642
1970,F,Linda,8730,.0047655702
1970,F,Jessica,4023,.0021960901
1970,F,Amanda,3550,.00193789
1970,F,Betty,1966,.00107321
1970,F,Dorothy,1799,.00098204997
1970,F,Helen,1715,.00093619002
1970,F,Ashley,930,.00050766999
1970,F,Emma,527,.00028768001
1970,F,Ida,385,.00021016999
1971,F,Mary,16697,.00952827
1971,F,Patricia,11464,.00654202
1971,F,Deborah,8673,.0049493099
1971,F,Linda,7375,.0042086001
1971,F,Jessica,5360,.0030587199
1971,F,Amanda,4132,.00235796
1971,F,Betty,1764,.00100664
1971,F,Dorothy,1624,.00092675001
1971,F,Helen,1440,.00082175003
1971,F,Ashley,1164,.00066424999
1971,F,Emma,473,.00026992001
1971,F,Ida,346,.00019745
1972,F,Mary,13760,.0085335197
1972,F,Patricia,9601,.00595424
1972,F,Deborah,6274,.00389094
1972,F,Jessica,6210,.00385125
1972,F,Linda,5743,.0035616299
1972,F,Amanda,4181,.0025929301
1972,F,Betty,1366,.00084714999
1972,F,Dorothy,1274,.00079010002
1972,F,Helen,1243,.00077087001
1972,F,Ashley,1176,.00072931999
1972,F,Emma,454,.00028156
1972,F,Ida,326,.00020218
1973,F,Mary,12318,.0079264604
1973,F,Patricia,8475,.0054535498
1973,F,Jessica,7226,.0046498301
1973,F,Amanda,5625,.0036196101
1973,F,Deborah,4982,.00320585
1973,F,Linda,4730,.00304369
1973,F,Betty,1322,.00085069
1973,F,Ashley,1253,.00080629002
1973,F,Dorothy,1174,.00075544999
1973,F,Helen,1132,.00072842999
1973,F,Emma,418,.00026897999
1973,F,Ida,307,.00019755001
1974,F,Mary,11738,.0074948701
1974,F,Jessica,10654,.00680272
1974,F,Patricia,8036,.0051310901
1974,F,Amanda,7476,.0047735302
1974,F,Deborah,4345,.0027743401
1974,F,Linda,4081,.00260577
1974,F,Ashley,1626,.00103822
1974,F,Helen,1140,.00072791002
1974,F,Betty,1130,.00072151999
1974,F,Dorothy,1099,.00070173002
1974,F,Emma,495,.00031606
1974,F,Ida,302,.00019283
1975,F,Jessica,12928,.0082832603
1975,F,Amanda,12655,.0081083402
1975,F,Mary,10968,.0070274398
1975,F,Patricia,7050,.00451709
1975,F,Linda,3523,.00225727
1975,F,Deborah,3413,.0021867901
1975,F,Ashley,1988,.00127376
1975,F,Helen,1057,.00067724002
1975,F,Betty,1022,.00065482
1975,F,Dorothy,974,.00062405999
1975,F,Emma,478,.00030627
1975,F,Ida,240,.00015377
1976,F,Jessica,18368,.01168549
1976,F,Amanda,15591,.0099187996
1976,F,Mary,10318,.0065641799
1976,F,Patricia,6017,.00382794
1976,F,Linda,3140,.0019976301
1976,F,Deborah,2992,.00190347
1976,F,Ashley,2291,.0014575101
1976,F,Dorothy,983,.00062537001
1976,F,Helen,943,.00059991999
1976,F,Betty,909,.00057829003
1976,F,Emma,414,.00026338
1976,F,Ida,217,.00013805
1977,F,Jessica,24843,.01510281
1977,F,Amanda,18279,.01111235
1977,F,Mary,10659,.0064799301
1977,F,Patricia,5905,.0035898299
1977,F,Linda,2909,.00176847
1977,F,Ashley,2706,.00164506
1977,F,Deborah,2677,.00162743
1977,F,Helen,993,.00060367002
1977,F,Dorothy,934,.00056781003
1977,F,Betty,808,.00049121003
1977,F,Emma,478,.00029058999
1977,F,Ida,250,.00015198
1978,F,Jessica,26103,.01587978
1978,F,Amanda,20519,.01248275
1978,F,Mary,10044,.00611027
1978,F,Patricia,5500,.00334593
1978,F,Ashley,3483,.0021188899
1978,F,Linda,2935,.00178551
1978,F,Deborah,2479,.0015081
1978,F,Helen,925,.00056272
1978,F,Dorothy,913,.00055542
1978,F,Betty,715,.00043496999
1978,F,Emma,444,.00027011
1978,F,Ida,219,.00013323
1979,F,Amanda,31927,.01852846
1979,F,Jessica,27776,.01611948
1979,F,Mary,10559,.0061277901
1979,F,Patricia,5650,.0032789099
1979,F,Ashley,4451,.00258309
1979,F,Linda,2739,.0015895501
1979,F,Deborah,2180,.00126514
1979,F,Dorothy,889,.00051591999
1979,F,Helen,878,.00050954003
1979,F,Betty,711,.00041261999
1979,F,Emma,488,.00028321001
1979,F,Ida,240,.00013928
1980,F,Amanda,35818,.020118389
1980,F,Jessica,33923,.019053999
1980,F,Mary,11475,.0064453199
1980,F,Ashley,7296,.0040980498
1980,F,Patricia,5309,.0029819801
1980,F,Linda,2805,.00157552
1980,F,Deborah,1937,.00108798
1980,F,Helen,910,.00051113003
1980,F,Dorothy,895,.00050271
1980,F,Betty,658,.00036959001
1980,F,Emma,533,.00029937999
1980,F,Ida,209,.00011739
1981,F,Jessica,42532,.02378436
1981,F,Amanda,34374,.019222319
1981,F,Mary,11043,.00617537
1981,F,Ashley,8878,.0049646702
1981,F,Patricia,5285,.00295543
1981,F,Linda,2731,.00152721
1981,F,Deborah,1906,.00106586
1981,F,Helen,897,.00050160999
1981,F,Dorothy,788,.00044065999
1981,F,Betty,662,.0003702
1981,F,Emma,534,.00029862
1981,F,Ida,206,.0001152
1982,F,Jessica,45446,.02505313
1982,F,Amanda,34213,.01886069
1982,F,Ashley,14853,.0081880502
1982,F,Mary,10855,.00598406
1982,F,Patricia,5168,.00284898
1982,F,Linda,2787,.0015364001
1982,F,Deborah,1843,.0010160001
1982,F,Helen,876,.00048290999
1982,F,Dorothy,829,.00045699999
1982,F,Betty,635,.00035006
1982,F,Emma,562,.00030982
1982,F,Ida,205,.00011301
1983,F,Jessica,45282,.02530634
1983,F,Amanda,33753,.018863229
1983,F,Ashley,33293,.01860616
1983,F,Mary,9896,.0055304901
1983,F,Patricia,4923,.0027512701
1983,F,Linda,2474,.00138262
1983,F,Deborah,1606,.00089753
1983,F,Helen,844,.00047167999
1983,F,Dorothy,759,.00042418001
1983,F,Betty,564,.00031520001
1983,F,Emma,551,.00030792999
1983,F,Ida,152,.000084949999
1984,F,Jessica,45855,.025434161
1984,F,Ashley,38770,.021504359
1984,F,Amanda,33907,.018807029
1984,F,Mary,9289,.00515228
1984,F,Patricia,4475,.00248213
1984,F,Linda,2334,.00129459
1984,F,Deborah,1468,.00081424997
1984,F,Helen,858,.00047589999
1984,F,Dorothy,681,.00037773
1984,F,Emma,676,.00037495
1984,F,Betty,504,.00027955
1984,F,Ida,155,.000085970001
1985,F,Jessica,48346,.026190979
1985,F,Ashley,47007,.025465591
1985,F,Amanda,39055,.021157671
1985,F,Mary,9244,.00500785
1985,F,Patricia,4400,.0023836601
1985,F,Linda,2113,.0011447
1985,F,Deborah,1401,.00075897999
1985,F,Emma,944,.00051139999
1985,F,Helen,809,.00043827001
1985,F,Dorothy,719,.00038951001
1985,F,Betty,502,.00027195
1985,F,Ida,153,.000082890001
1986,F,Jessica,52674,.02854888
1986,F,Ashley,49675,.02692345
1986,F,Amanda,40527,.02196531
1986,F,Mary,8506,.0046101799
1986,F,Patricia,4246,.0023012999
1986,F,Linda,1952,.00105797
1986,F,Deborah,1284,.00069592003
1986,F,Emma,1257,.00068127998
1986,F,Helen,766,.00041517001
1986,F,Dorothy,629,.00034090999
1986,F,Betty,407,.00022058999
1986,F,Ida,156,.000084550004
1987,F,Jessica,55991,.029880499
1987,F,Ashley,54851,.02927212
1987,F,Amanda,41786,.02229977
1987,F,Mary,8395,.00448013
1987,F,Patricia,3913,.0020882401
1987,F,Linda,1930,.00102998
1987,F,Emma,1588,.00084746
1987,F,Deborah,1204,.00064252998
1987,F,Helen,816,.00043546999
1987,F,Dorothy,614,.00032766999
1987,F,Betty,435,.00023214
1987,F,Ida,150,.000080049998
1988,F,Jessica,51538,.02680669
1988,F,Ashley,49961,.025986429
1988,F,Amanda,39455,.0205219
1988,F,Mary,8510,.0044263401
1988,F,Patricia,3798,.00197547
1988,F,Linda,1844,.00095913
1988,F,Emma,1788,.00092999998
1988,F,Deborah,1056,.00054926
1988,F,Helen,774,.00040257999
1988,F,Dorothy,608,.00031624001
1988,F,Betty,395,.00020544999
1988,F,Ida,163,.000084779997
1989,F,Jessica,47885,.02403998
1989,F,Ashley,47587,.02389038
1989,F,Amanda,36828,.01848897
1989,F,Mary,8644,.0043396
1989,F,Patricia,3606,.00181034
1989,F,Emma,1935,.00097143999
1989,F,Linda,1843,.00092525
1989,F,Deborah,1076,.00054019003
1989,F,Helen,857,.00043024
1989,F,Dorothy,620,.00031126
1989,F,Betty,399,.00020030999
1989,F,Ida,134,.000067269997
1990,F,Jessica,46475,.022627
1990,F,Ashley,45558,.02218055
1990,F,Amanda,34408,.01675201
1990,F,Mary,8666,.0042191599
1990,F,Patricia,3578,.001742
1990,F,Emma,2417,.0011767501
1990,F,Linda,1659,.00080770999
1990,F,Deborah,1094,.00053263002
1990,F,Helen,862,.00041968
1990,F,Dorothy,596,.00029016999
1990,F,Betty,406,.00019767
1990,F,Ida,121,.000058909998
1991,F,Ashley,43479,.0213854
1991,F,Jessica,43397,.02134507
1991,F,Amanda,28889,.01420922
1991,F,Mary,8760,.00430866
1991,F,Patricia,3417,.00168067
1991,F,Emma,2592,.00127489
1991,F,Linda,1608,.00079090003
1991,F,Deborah,1015,.00049922999
1991,F,Helen,773,.00038020001
1991,F,Dorothy,498,.00024493999
1991,F,Betty,346,.00017018001
1991,F,Ida,115,.000056559998
1992,F,Ashley,38452,.019184779
1992,F,Jessica,38354,.019135891
1992,F,Amanda,25033,.01248967
1992,F,Mary,8458,.0042199302
1992,F,Emma,3209,.00160106
1992,F,Patricia,2951,.00147234
1992,F,Linda,1580,.00078831002
1992,F,Deborah,919,.00045851001
1992,F,Helen,827,.00041261001
1992,F,Dorothy,510,.00025444999
1992,F,Betty,296,.00014768
1992,F,Ida,135,.000067360001
1993,F,Jessica,34988,.01774982
1993,F,Ashley,34850,.017679811
1993,F,Amanda,20810,.01055715
1993,F,Mary,8119,.0041188598
1993,F,Emma,4104,.00208201
1993,F,Patricia,2660,.00134945
1993,F,Linda,1488,.00075488002
1993,F,Helen,868,.00044035001
1993,F,Deborah,796,.00040382001
1993,F,Dorothy,476,.00024148
1993,F,Betty,292,.00014813
1993,F,Ida,107,.000054280001
1994,F,Jessica,32117,.016478499
1994,F,Ashley,30278,.01553495
1994,F,Amanda,18717,.0096032703
1994,F,Mary,7751,.0039768601
1994,F,Emma,4763,.00244379
1994,F,Patricia,2363,.0012124
1994,F,Linda,1283,.00065827998
1994,F,Helen,849,.0004356
1994,F,Deborah,739,.00037915999
1994,F,Dorothy,442,.00022678
1994,F,Betty,276,.00014161
1994,F,Ida,107,.0000549
1995,F,Jessica,27935,.01454026
1995,F,Ashley,26602,.01384642
1995,F,Amanda,16350,.0085102301
1995,F,Mary,7452,.00387879
1995,F,Emma,5044,.00262542
1995,F,Patricia,2161,.00112481
1995,F,Linda,1234,.0006423
1995,F,Helen,836,.00043514001
1995,F,Deborah,659,.00034301
1995,F,Dorothy,376,.00019571
1995,F,Betty,235,.00012231999
1995,F,Ida,100,.00005205
1996,F,Jessica,24194,.01262154
1996,F,Ashley,23677,.01235183
1996,F,Amanda,13974,.00728996
1996,F,Mary,6956,.0036288099
1996,F,Emma,6143,.00320468
1996,F,Patricia,1970,.00102771
1996,F,Linda,987,.00051490002
1996,F,Helen,900,.00046951001
1996,F,Deborah,634,.00033074999
1996,F,Dorothy,350,.00018259
1996,F,Betty,218,.00011373
1996,F,Ida,102,.000053209998
1997,F,Jessica,21043,.01102416
1997,F,Ashley,20895,.01094662
1997,F,Amanda,12242,.00641343
1997,F,Emma,7739,.0040543601
1997,F,Mary,6636,.0034765201
1997,F,Patricia,1781,.00093303999
1997,F,Linda,1098,.00057522999
1997,F,Helen,812,.00042540001
1997,F,Deborah,638,.00033424
1997,F,Dorothy,315,.00016502
1997,F,Betty,189,.000099010002
1997,F,Ida,95,.000049769998
1998,F,Ashley,19874,.01025486
1998,F,Jessica,18235,.0094091501
1998,F,Amanda,10912,.0056305202
1998,F,Emma,10437,.0053854301
1998,F,Mary,6443,.0033245501
1998,F,Patricia,1704,.00087925
1998,F,Linda,971,.00050103001
1998,F,Helen,832,.00042930999
1998,F,Deborah,553,.00028534001
1998,F,Dorothy,312,.00016099001
1998,F,Betty,197,.00010165
1998,F,Ida,95,.00004902
1999,F,Ashley,18136,.0093186498
1999,F,Jessica,16348,.0083999401
1999,F,Emma,11728,.0060260901
1999,F,Amanda,9742,.00500564
1999,F,Mary,6372,.0032740701
1999,F,Patricia,1532,.00078717002
1999,F,Linda,900,.00046243999
1999,F,Helen,841,.00043212
1999,F,Deborah,524,.00026924
1999,F,Dorothy,335,.00017213001
1999,F,Betty,182,.000093520001
1999,F,Ida,70,.000035969999
2000,F,Ashley,17997,.0090215905
2000,F,Jessica,15709,.0078746602
2000,F,Emma,12548,.0062901
2000,F,Amanda,8552,.00428697
2000,F,Mary,6192,.00310394
2000,F,Patricia,1392,.00069779
2000,F,Helen,890,.00044614001
2000,F,Linda,850,.00042609
2000,F,Deborah,546,.00027369999
2000,F,Dorothy,313,.0001569
2000,F,Betty,174,.000087220003
2000,F,Ida,90,.000045119999
2001,F,Ashley,16526,.0083462996
2001,F,Jessica,13920,.0070301602
2001,F,Emma,13307,.0067205699
2001,F,Amanda,6966,.0035181099
2001,F,Mary,5729,.0028933799
2001,F,Patricia,1223,.00061766
2001,F,Helen,884,.00044646001
2001,F,Linda,837,.00042272001
2001,F,Deborah,490,.00024746999
2001,F,Dorothy,319,.00016111
2001,F,Betty,154,.000077780001
2001,F,Ida,90,.00004545
2002,F,Emma,16538,.0083780997
2002,F,Ashley,15342,.0077722101
2002,F,Jessica,11913,.00603509
2002,F,Amanda,6133,.0031069601
2002,F,Mary,5460,.0027660199
2002,F,Patricia,1113,.00056383997
2002,F,Helen,875,.00044326999
2002,F,Linda,769,.00038956999
2002,F,Deborah,474,.00024013
2002,F,Dorothy,263,.00013323
2002,F,Betty,128,.000064840002
2002,F,Ida,74,.000037490001
2003,F,Emma,22704,.0113214
2003,F,Ashley,14513,.0072369399
2003,F,Jessica,10448,.00520992
2003,F,Amanda,5339,.0026622999
2003,F,Mary,5016,.00250124
2003,F,Patricia,1012,.00050463999
2003,F,Helen,783,.00039043999
2003,F,Linda,741,.00036949999
2003,F,Deborah,421,.00020993
2003,F,Dorothy,291,.00014511
2003,F,Betty,143,.000071310002
2003,F,Ida,84,.000041890002
2004,F,Emma,21606,.01071415
2004,F,Ashley,14372,.0071268999
2004,F,Jessica,9471,.0046965498
2004,F,Mary,4809,.0023847199
2004,F,Amanda,4679,.00232026
2004,F,Patricia,997,.00049439998
2004,F,Helen,861,.00042696
2004,F,Linda,727,.00036050999
2004,F,Deborah,427,.00021174
2004,F,Dorothy,289,.00014331
2004,F,Betty,137,.000067939996
2004,F,Ida,80,.000039670002
2005,F,Emma,20339,.01002823
2005,F,Ashley,13274,.0065448
2005,F,Jessica,8111,.0039991601
2005,F,Mary,4454,.00219606
2005,F,Amanda,4089,.0020161001
2005,F,Helen,960,.00047333
2005,F,Patricia,879,.00043339
2005,F,Linda,749,.00036929999
2005,F,Deborah,425,.00020954999
2005,F,Dorothy,234,.00011537
2005,F,Betty,132,.000065079999
2005,F,Ida,87,.000042899999
2006,F,Emma,19114,.0091496203
2006,F,Ashley,12345,.0059093898
2006,F,Jessica,6810,.00325986
2006,F,Mary,4090,.00195783
2006,F,Amanda,3356,.00160647
2006,F,Helen,949,.00045426999
2006,F,Patricia,775,.00037098001
2006,F,Linda,700,.00033508
2006,F,Deborah,424,.00020296
2006,F,Dorothy,265,.00012685001
2006,F,Betty,137,.000065580003
2006,F,Ida,84,.000040210001
2007,F,Emma,18372,.0086873602
2007,F,Ashley,11425,.0054024099
2007,F,Jessica,5708,.0026990799
2007,F,Mary,3679,.00173965
2007,F,Amanda,3041,.00143796
2007,F,Helen,931,.00044023001
2007,F,Patricia,725,.00034282001
2007,F,Linda,660,.00031209001
2007,F,Deborah,372,.0001759
2007,F,Dorothy,262,.00012389
2007,F,Betty,134,.000063359999
2007,F,Ida,94,.00004445
2008,F,Emma,18809,.0090387501
2008,F,Ashley,9403,.00451865
2008,F,Jessica,4735,.0022754299
2008,F,Mary,3497,.0016805
2008,F,Amanda,2441,.00117303
2008,F,Helen,885,.00042529
2008,F,Patricia,629,.00030227
2008,F,Linda,613,.00029458001
2008,F,Deborah,355,.0001706
2008,F,Dorothy,242,.00011629
2008,F,Betty,137,.000065840002
2008,F,Ida,99,.00004757
2009,F,Emma,17892,.0088443896
2009,F,Ashley,7813,.00386213
2009,F,Jessica,3796,.00187644
2009,F,Mary,3160,.00156205
2009,F,Amanda,1955,.00096640002
2009,F,Helen,826,.00040831001
2009,F,Patricia,564,.0002788
2009,F,Linda,551,.00027237
2009,F,Deborah,346,.00017104
2009,F,Dorothy,226,.00011172
2009,F,Betty,149,.000073650001
2009,F,Ida,95,.000046960002
2010,F,Emma,17338,.0088536702
2010,F,Ashley,6312,.0032232299
2010,F,Jessica,3196,.00163204
2010,F,Mary,2866,.00146353
2010,F,Amanda,1656,.00084564002
2010,F,Helen,703,.00035898999
2010,F,Patricia,479,.0002446
2010,F,Linda,477,.00024358
2010,F,Deborah,354,.00018077
2010,F,Dorothy,242,.00012358
2010,F,Betty,134,.000068430003
2010,F,Ida,102,.000052089999
2011,F,Emma,18797,.0097139804
2011,F,Ashley,5398,.0027896001
2011,F,Mary,2706,.00139842
2011,F,Jessica,2620,.00135397
2011,F,Amanda,1411,.00072918
2011,F,Helen,730,.00037724999
2011,F,Linda,489,.00025270999
2011,F,Patricia,429,.0002217
2011,F,Deborah,332,.00017157001
2011,F,Dorothy,278,.00014367
2011,F,Betty,167,.000086300002
2011,F,Ida,94,.000048580001
2012,F,Emma,20934,.01081168
2012,F,Ashley,4698,.00242635
2012,F,Mary,2574,.00132938
2012,F,Jessica,2332,.0012044
2012,F,Amanda,1230,.00063525001
2012,F,Helen,772,.00039870999
2012,F,Linda,448,.00023138001
2012,F,Patricia,395,.000204
2012,F,Deborah,337,.00017405
2012,F,Dorothy,277,.00014306
2012,F,Betty,140,.000072310002
2012,F,Ida,99,.000051129999
2013,F,Emma,20936,.01088231
2013,F,Ashley,3937,.00204641
2013,F,Mary,2646,.0013753599
2013,F,Jessica,1947,.0010120301
2013,F,Amanda,1067,.00055462
2013,F,Helen,739,.00038412001
2013,F,Linda,443,.00023027
2013,F,Patricia,419,.00021779
2013,F,Dorothy,335,.00017412999
2013,F,Deborah,330,.00017153
2013,F,Betty,175,.000090959998
2013,F,Ida,118,.000061339997
2014,F,Emma,20924,.01072117
2014,F,Ashley,3554,.00182102
2014,F,Mary,2630,.00134758
2014,F,Jessica,1796,.00092025002
2014,F,Amanda,1051,.00053851999
2014,F,Helen,802,.00041092999
2014,F,Linda,470,.00024081999
2014,F,Dorothy,384,.00019676
2014,F,Patricia,379,.00019419
2014,F,Deborah,372,.00019060999
2014,F,Betty,193,.000098889999
2014,F,Ida,149,.000076349999
2015,F,Emma,20435,.01050471
2015,F,Ashley,3423,.00175961
2015,F,Mary,2624,.00134888
2015,F,Jessica,1585,.00081478001
2015,F,Amanda,1022,.00052536
2015,F,Helen,765,.00039325
2015,F,Linda,425,.00021847
2015,F,Dorothy,397,.00020408
2015,F,Deborah,348,.00017889
2015,F,Patricia,348,.00017889
2015,F,Betty,191,.000098179997
2015,F,Ida,159,.000081730002
2016,F,Emma,19471,.01009677
2016,F,Ashley,3036,.00157433
2016,F,Mary,2504,.0012984599
2016,F,Jessica,1379,.00071509002
2016,F,Amanda,996,.00051648001
2016,F,Helen,815,.00042262001
2016,F,Dorothy,452,.00023439
2016,F,Linda,436,.00022608999
2016,F,Patricia,383,.00019861
2016,F,Deborah,349,.00018098
2016,F,Ida,194,.0001006
2016,F,Betty,177,.000091779999
2017,F,Emma,19738,.0105275
2017,F,Ashley,2517,.0013424699
2017,F,Mary,2381,.0012699401
2017,F,Jessica,1271,.00067789998
2017,F,Amanda,954,.00050883001
2017,F,Helen,758,.00040429001
2017,F,Dorothy,498,.00026561
2017,F,Linda,404,.00021548
2017,F,Deborah,353,.00018828
2017,F,Patricia,302,.00016108
2017,F,Ida,177,.000094410003
2017,F,Betty,175,.000093340001
